﻿<?xml version="1.0" encoding="utf-8"?>
<shops>
  <good>
    <id>205715</id>
    <name>Ведро Классик №2 +лопатка, грабельки,сито, 2шт пасочки</name>
    <price>41,87 грн</price>
    <img>https://metr-plus.com.ua/img.php?id=329028&amp;size=3 </img>
    <brand></brand>
    <catalog>Украинский производитель</catalog>
    <subCatalog>Бамсик</subCatalog>
  </good>
  <good>
    <id>205719</id>
    <name>Ведро малое №3 +лейка Слоник,грабельки,пасочка 2шт,лопатка</name>
    <price>38,03 грн</price>
    <img>https://metr-plus.com.ua/img.php?id=329027&amp;size=3 </img>
    <brand></brand>
    <catalog>Украинский производитель</catalog>
    <subCatalog>Бамсик</subCatalog>
  </good>
  <good>
    <id>127674</id>
    <name>Відро "Класик-1" пустое 012/7 БАМСИК</name>
    <price>25,85 грн</price>
    <img>https://metr-plus.com.ua/img.php?id=106683&amp;size=3 </img>
    <brand></brand>
    <catalog>Украинский производитель</catalog>
    <subCatalog>Бамсик</subCatalog>
  </good>
  <good>
    <id>165247</id>
    <name>Кроватка с постелью, арт 006/1</name>
    <price>171,11 грн</price>
    <img>https://metr-plus.com.ua/img.php?id=150241&amp;size=3 </img>
    <brand></brand>
    <catalog>Украинский производитель</catalog>
    <subCatalog>Бамсик</subCatalog>
  </good>
  <good>
    <id>205738</id>
    <name>Кубики "Сити" 12шт</name>
    <price>46,79 грн</price>
    <img>https://metr-plus.com.ua/img.php?id=329030&amp;size=3 </img>
    <brand></brand>
    <catalog>Украинский производитель</catalog>
    <subCatalog>Бамсик</subCatalog>
  </good>
  <good>
    <id>131410</id>
    <name>Кубики 12 пластмассовые English, арт. 315 БАМСІК</name>
    <price>60,94 грн</price>
    <img>https://metr-plus.com.ua/img.php?id=109191&amp;size=3 </img>
    <brand></brand>
    <catalog>Украинский производитель</catalog>
    <subCatalog>Бамсик</subCatalog>
  </good>
  <good>
    <id>131412</id>
    <name>Кубики 12 пластмассовые Азбука, арт. 314 БАМСІК</name>
    <price>60,94 грн</price>
    <img>https://metr-plus.com.ua/img.php?id=109192&amp;size=3 </img>
    <brand></brand>
    <catalog>Украинский производитель</catalog>
    <subCatalog>Бамсик</subCatalog>
  </good>
  <good>
    <id>205739</id>
    <name>Кубики большие 12шт</name>
    <price>68,94 грн</price>
    <img>https://metr-plus.com.ua/img.php?id=329075&amp;size=3 </img>
    <brand></brand>
    <catalog>Украинский производитель</catalog>
    <subCatalog>Бамсик</subCatalog>
  </good>
</shops>